Expt	Trait	Genotype	solution	std.error	z.ratio
Across-trial	paniclelength	FF_SC1049-14E_consensus	13.41870082	2.217891021	
Across-trial	paniclelength	FF_SC105-14E_consensus	12.82362587	2.215993443	
Across-trial	paniclelength	FF_SC1160-14E_consensus	22.14389841	2.21448985	
Across-trial	paniclelength	FF_SC1162-8_consensus	32.22287503	2.222750753	
Across-trial	paniclelength	FF_SC1166-6_consensus	11.64336699	2.214397284	
Across-trial	paniclelength	FF_SC189-2_consensus	20.08155011	2.211551795	
Across-trial	paniclelength	FF_SC456-6_consensus	21.7729816	2.219264677	
Across-trial	paniclelength	FF_SC457-14E_consensus	19.83495409	2.222677291	
Across-trial	paniclelength	FF_SC537-14E_consensus	42.57182859	2.217838283	
Across-trial	paniclelength	FF_SC761-14E_consensus	37.03631678	2.217635711	
Across-trial	paniclelength	S1001959A10	21.89482317	2.209697654	
Across-trial	paniclelength	S1001959A12	27.80991308	1.568101306	
Across-trial	paniclelength	S1001959A2	29.16576661	2.219267956	
Across-trial	paniclelength	S1001959A3	29.59679078	2.21438254	
Across-trial	paniclelength	S1001959A4	31.64087834	1.569286229	
Across-trial	paniclelength	S1001959A6	30.23578919	1.56647302	
Across-trial	paniclelength	S1001959A7	31.49141138	1.566308488	
Across-trial	paniclelength	S1001959A8	29.66637239	1.566342754	
Across-trial	paniclelength	S1001959A9	21.86316744	1.56495064	
Across-trial	paniclelength	S1001959B1	24.05836185	1.241105487	
Across-trial	paniclelength	S1001959B11	28.48891557	2.214384647	
Across-trial	paniclelength	S1001959B2	24.59724595	1.565718185	
Across-trial	paniclelength	S1001959B3	22.17645789	1.566972557	
Across-trial	paniclelength	S1001959B4	20.06608183	2.222717307	
Across-trial	paniclelength	S1001959B7	20.33091789	1.568912171	
Across-trial	paniclelength	S1001959B9	22.30990909	2.217927045	
Across-trial	paniclelength	S1001959C10	19.87901615	2.216783884	
Across-trial	paniclelength	S1001959C11	15.27202602	2.222652079	
Across-trial	paniclelength	S1001959C2	26.50244427	1.56572504	
Across-trial	paniclelength	S1001959C3	33.16172404	1.565686511	
Across-trial	paniclelength	S1001959C4	17.22874758	2.217874074	
Across-trial	paniclelength	S1001959C7	21.60271559	1.562234254	
Across-trial	paniclelength	S1001959D12	29.80402838	2.214510359	
Across-trial	paniclelength	S1001959D2	23.44704058	2.206719541	
Across-trial	paniclelength	S1001959D3	24.82803937	2.222718315	
Across-trial	paniclelength	S1001959D4	15.81410974	2.217931277	
Across-trial	paniclelength	S1001959D5	20.06055502	2.211035368	
Across-trial	paniclelength	S1001959D6	28.16780752	2.222785781	
Across-trial	paniclelength	S1001959E11	25.83903777	1.5642618	
Across-trial	paniclelength	S1001959E2	24.3376065	2.217919928	
Across-trial	paniclelength	S1001959E4	28.12401835	2.217882581	
Across-trial	paniclelength	S1001959E5	17.73573672	2.21932004	
Across-trial	paniclelength	S1001959E6	29.39548021	1.568119845	
Across-trial	paniclelength	S1001959E7	23.86075473	2.214504568	
Across-trial	paniclelength	S1001959E8	33.42098182	2.211142221	
Across-trial	paniclelength	S1001959E9	30.85255988	2.214393671	
Across-trial	paniclelength	S1001959F1	23.83895091	1.564674539	
Across-trial	paniclelength	S1001959F10	18.02589594	1.568617283	
Across-trial	paniclelength	S1001959F2	29.97202075	1.563426827	
Across-trial	paniclelength	S1001959F4	18.50284557	2.222714571	
Across-trial	paniclelength	S1001959F5	26.88402373	1.563667489	
Across-trial	paniclelength	S1001959F6	28.4629109	2.222722127	
Across-trial	paniclelength	S1001959F9	21.58053568	1.566336918	
Across-trial	paniclelength	S1001959G1	23.48899135	2.219293989	
Across-trial	paniclelength	S1001959G11	19.79872993	2.21444366	
Across-trial	paniclelength	S1001959G2	19.27892689	2.206376607	
Across-trial	paniclelength	S1001959G4	22.93211639	2.214523865	
Across-trial	paniclelength	S1001959G5	24.25872826	1.566983309	
Across-trial	paniclelength	S1001959G6	15.99763598	2.214537055	
Across-trial	paniclelength	S1001959H1	32.80121756	2.219205695	
Across-trial	paniclelength	S1001959H11	27.42413884	2.208565957	
Across-trial	paniclelength	S1001959H2	23.94048552	2.214408819	
Across-trial	paniclelength	S1001959H3	24.42981283	2.219294549	
Across-trial	paniclelength	S1001959H4	14.57030882	1.567199903	
Across-trial	paniclelength	S1001959H5	29.62446129	2.214532731	
Across-trial	paniclelength	S1001959H6	17.16592673	2.21795019	
Across-trial	paniclelength	S1001959H9	23.8681449	2.219269207	
Across-trial	paniclelength	S1001978A11	23.90803218	2.222719963	
Across-trial	paniclelength	S1001978A12	28.76010442	2.219311839	
Across-trial	paniclelength	S1001978A2	31.57319793	2.214521401	
Across-trial	paniclelength	S1001978B1	24.65774633	1.567440473	
Across-trial	paniclelength	S1001978B2	19.2096041	2.219361379	
Across-trial	paniclelength	S1001978B3	19.90084456	2.214448572	
Across-trial	paniclelength	S1001978B6	35.74044887	1.571014003	
Across-trial	paniclelength	S1001978B7	22.8979714	2.219325606	
Across-trial	paniclelength	S1001978C1	24.86274352	1.569250121	
Across-trial	paniclelength	S1001978C10	22.43251154	1.569235401	
Across-trial	paniclelength	S1001978C3	23.6480655	1.570654636	
Across-trial	paniclelength	S1001978C4	32.51450797	2.218095364	
Across-trial	paniclelength	S1001978C6	21.21411487	2.213173079	
Across-trial	paniclelength	S1001978D1	16.48712502	1.563560994	
Across-trial	paniclelength	S1001978D2	26.73846305	2.209722076	
Across-trial	paniclelength	S1001978D4	23.1136449	1.566208668	
Across-trial	paniclelength	S1001978D5	13.40643582	2.211118118	
Across-trial	paniclelength	S1001978D6	24.23444174	2.21183741	
Across-trial	paniclelength	S1001978D7	20.94619673	2.222698365	
Across-trial	paniclelength	S1001978D8	24.69541534	2.219330029	
Across-trial	paniclelength	S1001978E1	23.446119	2.217938498	
Across-trial	paniclelength	S1001978E11	30.82449853	2.214446581	
Across-trial	paniclelength	S1001978E12	25.83914326	2.217883048	
Across-trial	paniclelength	S1001978E2	25.31134512	2.222657144	
Across-trial	paniclelength	S1001978E5	23.12887555	2.210596214	
Across-trial	paniclelength	S1001978E8	24.96967053	2.213319814	
Across-trial	paniclelength	S1001978F10	10.48594933	2.209737708	
Across-trial	paniclelength	S1001978F2	24.62099525	1.564196503	
Across-trial	paniclelength	S1001978F4	22.77894043	2.214448904	
Across-trial	paniclelength	S1001978F8	25.83302611	2.214468774	
Across-trial	paniclelength	S1001978G1	22.54036217	2.214520562
Across-trial	paniclelength	S1001978G10	25.6150757	2.217804147	
Across-trial	paniclelength	S1001978G2	20.40979122	1.569895599	
Across-trial	paniclelength	S1001978G4	20.85380727	2.209731646	
Across-trial	paniclelength	S1001978G7	43.85367997	2.211095563	
Across-trial	paniclelength	S1001978G8	22.5118702	2.219285403	
Across-trial	paniclelength	S1001978H1	24.36414534	2.217870726	
Across-trial	paniclelength	S1001978H10	22.54778561	2.217668611	
Across-trial	paniclelength	S1001978H4	19.93700456	2.214540737	
Across-trial	paniclelength	S1001978H5	16.35049224	2.214505774	
Across-trial	paniclelength	S1001978H9	24.82478408	2.217838012	
Across-trial	paniclelength	S1001979A1	21.11945661	2.213076144	
Across-trial	paniclelength	S1001979A12	20.59700163	2.222631859	
Across-trial	paniclelength	S1001979A3	21.97823779	2.222643819	
Across-trial	paniclelength	S1001979A5	19.81547603	2.21968248	
Across-trial	paniclelength	S1001979A6	22.6088419	1.563128711	
Across-trial	paniclelength	S1001979A7	24.47136893	2.216034627	
Across-trial	paniclelength	S1001979A8	20.36997504	1.566980262	
Across-trial	paniclelength	S1001979B1	24.0408812	1.280136143	
Across-trial	paniclelength	S1001979B11	37.74754005	2.219336843	
Across-trial	paniclelength	S1001979B2	22.38273576	2.214452109	
Across-trial	paniclelength	S1001979B4	19.5216929	1.567468655	
Across-trial	paniclelength	S1001979B5	18.69105921	2.214446643	
Across-trial	paniclelength	S1001979B6	25.99870358	2.214446284	
Across-trial	paniclelength	S1001979B7	19.63281563	2.214449227	
Across-trial	paniclelength	S1001979B8	24.67098448	2.215967014	
Across-trial	paniclelength	S1001979C1	23.41400066	2.214515081	
Across-trial	paniclelength	S1001979C3	29.90102404	1.571029212	
Across-trial	paniclelength	S1001979C8	25.17046431	1.567364345	
Across-trial	paniclelength	S1001979D1	17.37870989	2.219334988	
Across-trial	paniclelength	S1001979D12	25.38707233	1.566073503	
Across-trial	paniclelength	S1001979D2	25.66086631	2.222770646	
Across-trial	paniclelength	S1001979D6	19.3583188	1.565198235	
Across-trial	paniclelength	S1001979D8	20.44138683	2.217863338	
Across-trial	paniclelength	S1001979E10	18.58070119	2.214512633	
Across-trial	paniclelength	S1001979E12	25.75780955	2.217864329	
Across-trial	paniclelength	S1001979E2	28.66673197	2.214514707	
Across-trial	paniclelength	S1001979E3	28.99800898	2.214407	
Across-trial	paniclelength	S1001979E7	22.55396178	1.568088258	
Across-trial	paniclelength	S1001979E8	22.45652869	2.215914655	
Across-trial	paniclelength	S1001979E9	22.50686331	1.564210741	
Across-trial	paniclelength	S1001979F1	28.63605421	2.213090038	
Across-trial	paniclelength	S1001979F2	28.32978919	2.20966935	
Across-trial	paniclelength	S1001979F3	18.49981528	1.568598062	
Across-trial	paniclelength	S1001979F5	25.2070179	2.213025184	
Across-trial	paniclelength	S1001979F6	21.24508061	1.569174049	
Across-trial	paniclelength	S1001979F7	23.98390439	2.214853968	
Across-trial	paniclelength	S1001979F8	22.94260665	2.215996763	
Across-trial	paniclelength	S1001979G4	28.30327373	1.566993353	
Across-trial	paniclelength	S1001979H1	22.7316251	1.567442834	
Across-trial	paniclelength	S1001979H3	21.44441699	2.214489309	
Across-trial	paniclelength	S1001979H5	18.69386353	1.568099093	
Across-trial	paniclelength	S1001979H6	26.8395846	2.214464141	
Across-trial	paniclelength	S1001979H8	38.17392071	2.209676306	
Across-trial	paniclelength	S1001980A10	21.21860197	2.214418455	
Across-trial	paniclelength	S1001980A11	21.49660329	2.21925737	
Across-trial	paniclelength	S1001980A2	21.08030469	2.219250603	
Across-trial	paniclelength	S1001980A3	25.59631448	2.210466125	
Across-trial	paniclelength	S1001980A4	37.30936739	2.212664792	
Across-trial	paniclelength	S1001980A5	20.51142178	2.219311355	
Across-trial	paniclelength	S1001980B1	16.35328292	1.565181528	
Across-trial	paniclelength	S1001980B11	12.55245161	2.211061491	
Across-trial	paniclelength	S1001980B12	30.25918711	2.222785325	
Across-trial	paniclelength	S1001980B2	18.52577082	2.210218789	
Across-trial	paniclelength	S1001980B5	25.82849491	2.212821101	
Across-trial	paniclelength	S1001980B6	26.01863297	1.568110497	
Across-trial	paniclelength	S1001980B9	30.6387463	2.209690133	
Across-trial	paniclelength	S1001980C1	12.39242249	2.219283156	
Across-trial	paniclelength	S1001980C10	29.16253355	1.569866587	
Across-trial	paniclelength	S1001980C12	27.48539474	2.219296297	
Across-trial	paniclelength	S1001980C5	21.21705265	2.217915985	
Across-trial	paniclelength	S1001980C6	25.40908057	2.211450138	
Across-trial	paniclelength	S1001980C7	32.39765552	2.211165231	
Across-trial	paniclelength	S1001980C8	20.67926041	1.569226453	
Across-trial	paniclelength	S1001980C9	23.34209266	1.565179501	
Across-trial	paniclelength	S1001980D1	21.64231587	1.567474636	
Across-trial	paniclelength	S1001980D11	24.25573738	2.222773581	
Across-trial	paniclelength	S1001980D12	19.18704763	2.215965779	
Across-trial	paniclelength	S1001980D2	24.29344668	2.214530332	
Across-trial	paniclelength	S1001980D3	14.61490569	2.214182708	
Across-trial	paniclelength	S1001980D4	26.0234432	2.215928994	
Across-trial	paniclelength	S1001980D5	22.4989921	2.214440825	
Across-trial	paniclelength	S1001980D6	30.14918567	1.566230047	
Across-trial	paniclelength	S1001980D7	20.10720085	2.222679144	
Across-trial	paniclelength	S1001980D8	23.28280325	2.211446822	
Across-trial	paniclelength	S1001980D9	22.44171982	2.215925105	
Across-trial	paniclelength	S1001980E1	17.30221944	2.215877742	
Across-trial	paniclelength	S1001980E10	10.83704315	2.21917736	
Across-trial	paniclelength	S1001980E12	26.66422573	2.214486625	
Across-trial	paniclelength	S1001980E2	24.67205021	2.21444147	
Across-trial	paniclelength	S1001980E4	26.73681945	1.57215213	
Across-trial	paniclelength	S1001980E5	24.17909603	2.222745285	
Across-trial	paniclelength	S1001980E6	22.27350748	2.214413766	
Across-trial	paniclelength	S1001980E7	24.08361868	2.217922492	
Across-trial	paniclelength	S1001980E8	29.1175804	1.563755645	
Across-trial	paniclelength	S1001980F1	17.45940488	2.214548679	
Across-trial	paniclelength	S1001980F11	25.88130869	2.208002439	
Across-trial	paniclelength	S1001980F2	22.35093726	2.222711156	
Across-trial	paniclelength	S1001980F3	26.35326642	2.208957264	
Across-trial	paniclelength	S1001980F5	29.49878994	2.209742654	
Across-trial	paniclelength	S1001980F6	23.89425714	2.209680463	
Across-trial	paniclelength	S1001980F8	32.12402586	1.569874898	
Across-trial	paniclelength	S1001980F9	22.30476022	1.567462725	
Across-trial	paniclelength	S1001980G1	13.3583529	1.569270647	
Across-trial	paniclelength	S1001980G10	24.11770845	2.214451956	
Across-trial	paniclelength	S1001980G2	29.99929293	2.213104485	
Across-trial	paniclelength	S1001980G6	30.43636694	2.214416719	
Across-trial	paniclelength	S1001980G7	17.38280469	1.569243055	
Across-trial	paniclelength	S1001980G8	18.08124377	2.222639423	
Across-trial	paniclelength	S1001980H1	22.96939121	1.56402983	
Across-trial	paniclelength	S1001980H10	20.81460767	1.567079892	
Across-trial	paniclelength	S1001980H11	17.65924614	1.567704777	
Across-trial	paniclelength	S1001980H2	27.80388443	2.209702086	
Across-trial	paniclelength	S1001980H4	18.58636653	2.214453251	
Across-trial	paniclelength	S1001980H6	17.84753488	1.569250159	
Across-trial	paniclelength	S1001980H8	25.76421773	2.214420414	
Across-trial	paniclelength	S1001981A1	21.93227733	1.567505606	
Across-trial	paniclelength	S1001981A10	33.60882333	1.567404706	
Across-trial	paniclelength	S1001981A11	24.81044505	1.561812853	
Across-trial	paniclelength	S1001981A12	17.77191309	2.217829614	
Across-trial	paniclelength	S1001981A2	23.33811386	1.565203113	
Across-trial	paniclelength	S1001981A3	23.85303991	2.214426206	
Across-trial	paniclelength	S1001981B1	30.48877115	2.214456981	
Across-trial	paniclelength	S1001981B10	30.19633586	1.563567312	
Across-trial	paniclelength	S1001981B4	18.16727776	1.568105423	
Across-trial	paniclelength	S1001981B8	21.98919653	2.21454567	
Across-trial	paniclelength	S1001981B9	44.89364833	2.214511838	
Across-trial	paniclelength	S1001981C10	22.08594516	2.213151818	
Across-trial	paniclelength	S1001981C12	32.04253056	1.569219076	
Across-trial	paniclelength	S1001981C3	22.07319865	2.214534479	
Across-trial	paniclelength	S1001981C4	16.89654616	2.214444732	
Across-trial	paniclelength	S1001981C5	17.99783352	2.215856556	
Across-trial	paniclelength	S1001981C7	27.62852471	2.214636697	
Across-trial	paniclelength	S1001981C8	25.05852924	2.222736158	
Across-trial	paniclelength	S1001981C9	22.83998932	2.217855048	
Across-trial	paniclelength	S1001981D10	30.68933748	2.211109118	
Across-trial	paniclelength	S1001981D11	35.94949007	2.21011601	
Across-trial	paniclelength	S1001981D12	24.92563639	2.219657033	
Across-trial	paniclelength	S1001981D3	25.76060928	2.214562987	
Across-trial	paniclelength	S1001981D4	29.32551557	2.214525292	
Across-trial	paniclelength	S1001981D5	30.52543677	1.568120383	
Across-trial	paniclelength	S1001981D6	29.9042102	1.56633151	
Across-trial	paniclelength	S1001981D8	34.59750951	2.209718986	
Across-trial	paniclelength	S1001981D9	25.73563202	2.203880165	
Across-trial	paniclelength	S1001981E10	31.74608888	1.56776587	
Across-trial	paniclelength	S1001981E11	18.54785152	2.210512267	
Across-trial	paniclelength	S1001981E12	21.32077337	2.214400273	
Across-trial	paniclelength	S1001981E4	31.09400385	2.21588591	
Across-trial	paniclelength	S1001981E6	25.04456945	2.217918234	
Across-trial	paniclelength	S1001981E9	21.5346452	2.214521918	
Across-trial	paniclelength	S1001981F10	29.23636698	1.566949933	
Across-trial	paniclelength	S1001981F11	33.27674194	1.568084511	
Across-trial	paniclelength	S1001981F2	25.9884361	1.572167206	
Across-trial	paniclelength	S1001981F5	30.69199342	2.214424578	
Across-trial	paniclelength	S1001981F8	30.16605925	2.217845708	
Across-trial	paniclelength	S1001981F9	28.88498343	2.217851405	
Across-trial	paniclelength	S1001981G1	23.55380282	2.209714686	
Across-trial	paniclelength	S1001981G10	39.05306757	2.211093078	
Across-trial	paniclelength	S1001981G11	23.82539287	1.565199238	
Across-trial	paniclelength	S1001981G2	29.34108523	2.214449101	
Across-trial	paniclelength	S1001981G3	15.20570423	2.209672186	
Across-trial	paniclelength	S1001981G6	36.44289853	2.222720654	
Across-trial	paniclelength	S1001981G8	34.08165509	2.222788949	
Across-trial	paniclelength	S1001981H10	31.32487522	1.569871168	
Across-trial	paniclelength	S1001981H11	14.89322574	2.209658163	
Across-trial	paniclelength	S1001981H3	14.69579215	1.566392806	
Across-trial	paniclelength	S1001981H4	20.81586974	1.569398129	
Across-trial	paniclelength	S1001981H5	24.13977275	2.214475605	
Across-trial	paniclelength	S1001981H6	26.74871223	2.219250039	
Across-trial	paniclelength	S1001981H7	26.91253638	2.209718356	
Across-trial	paniclelength	S1001981H8	23.52062028	2.213155894	
Across-trial	paniclelength	S1001981H9	28.38593921	2.219217626	
Across-trial	paniclelength	S1001982A10	21.22594852	2.222699419	
Across-trial	paniclelength	S1001982A11	19.52788564	2.214454784	
Across-trial	paniclelength	S1001982A2	19.26771165	2.222664548	
Across-trial	paniclelength	S1001982A4	46.30897502	2.219278963	
Across-trial	paniclelength	S1001982A5	18.70650674	2.209718036	
Across-trial	paniclelength	S1001982A6	20.36372321	2.215865659	
Across-trial	paniclelength	S1001982A7	25.47512847	1.569870593	
Across-trial	paniclelength	S1001982A8	20.13686973	2.217865	
Across-trial	paniclelength	S1001982B10	15.97875635	1.566363761	
Across-trial	paniclelength	S1001982B11	27.53048056	2.214444419	
Across-trial	paniclelength	S1001982B2	16.27293962	2.217850503	
Across-trial	paniclelength	S1001982B3	41.53396244	1.571015282	
Across-trial	paniclelength	S1001982B6	21.17212712	2.214446077	
Across-trial	paniclelength	S1001982B7	24.06049478	2.21930159	
Across-trial	paniclelength	S1001982B8	30.1607449	2.209722094	
Across-trial	paniclelength	S1001982C10	30.61709996	2.214492727	
Across-trial	paniclelength	S1001982C3	31.20551064	2.214523132	
Across-trial	paniclelength	S1001982C4	34.14163709	2.218282621	
Across-trial	paniclelength	S1001982C7	20.33213329	2.217840834	
Across-trial	paniclelength	S1001982C8	16.19875334	1.570639386	
Across-trial	paniclelength	S1001982C9	19.08673616	1.571033094	
Across-trial	paniclelength	S1001982D10	24.68736453	2.214437321	
Across-trial	paniclelength	S1001982D11	18.42320669	2.209988412	
Across-trial	paniclelength	S1001982D2	24.26480978	1.570647606	
Across-trial	paniclelength	S1001982D4	23.04073729	2.215943216	
Across-trial	paniclelength	S1001982D5	29.30012825	2.216219827	
Across-trial	paniclelength	S1001982D7	19.42117805	2.219223398	
Across-trial	paniclelength	S1001982D8	22.35744703	2.209724677	
Across-trial	paniclelength	S1001982D9	18.63222942	1.570373227	
Across-trial	paniclelength	S1001982E10	23.68453525	2.214517607	
Across-trial	paniclelength	S1001982E2	20.15854311	2.209705195	
Across-trial	paniclelength	S1001982E5	29.77770241	2.211120104	
Across-trial	paniclelength	S1001982E6	31.41838223	2.216737098	
Across-trial	paniclelength	S1001982E7	19.17002617	2.21323495	
Across-trial	paniclelength	S1001982E8	25.41427885	2.214496883	
Across-trial	paniclelength	S1001982E9	18.81973044	2.209692851	
Across-trial	paniclelength	S1001982F2	21.43527763	2.2158238	
Across-trial	paniclelength	S1001982F3	15.84766696	2.217893015	
Across-trial	paniclelength	S1001982F4	26.5636132	2.222687411	
Across-trial	paniclelength	S1001982F5	27.86979626	1.564562846	
Across-trial	paniclelength	S1001982F6	23.07113468	1.568581956	
Across-trial	paniclelength	S1001982F8	27.48806385	2.215953036	
Across-trial	paniclelength	S1001982F9	25.40201659	2.222631794	
Across-trial	paniclelength	S1001982G1	29.12304858	2.216005341	
Across-trial	paniclelength	S1001982G10	18.9271994	2.219279705	
Across-trial	paniclelength	S1001982G2	17.60436561	2.211034149	
Across-trial	paniclelength	S1001982G4	25.19119427	2.214506014	
Across-trial	paniclelength	S1001982G5	24.79146125	2.210603793	
Across-trial	paniclelength	S1001982G6	22.80226928	1.569847071	
Across-trial	paniclelength	S1001982G7	32.01238132	1.568131028	
Across-trial	paniclelength	S1001982G8	27.58108141	2.214514746	
Across-trial	paniclelength	S1001982G9	24.89515131	2.217940503	
Across-trial	paniclelength	S1001982H1	27.53115348	2.219321396	
Across-trial	paniclelength	S1001982H10	22.65448864	1.564585632	
Across-trial	paniclelength	S1001982H2	21.2981598	2.21925968	
Across-trial	paniclelength	S1001982H4	22.71828074	2.207220356	
Across-trial	paniclelength	S1001982H5	25.65500851	2.219305552	
Across-trial	paniclelength	S1001982H7	22.35788542	2.205575498	
Across-trial	paniclelength	S1001982H8	25.34446232	2.217885122	
Across-trial	paniclelength	S1001983A12	22.24297789	1.570386727	
Across-trial	paniclelength	S1001983A4	32.64620477	2.214283562	
Across-trial	paniclelength	S1001983A6	23.42884249	2.214531108	
Across-trial	paniclelength	S1001983A9	29.26702533	2.217866293	
Across-trial	paniclelength	S1001983B10	15.21771194	2.219223868	
Across-trial	paniclelength	S1001983C3	26.15005988	2.213120614	
Across-trial	paniclelength	S1001983C4	26.9320361	1.566954654	
Across-trial	paniclelength	S1001983C7	15.16941153	1.569502943	
Across-trial	paniclelength	S1001983D10	14.43296313	2.210343001	
Across-trial	paniclelength	S1001983D11	26.24982716	1.567498327	
Across-trial	paniclelength	S1001983D12	22.61157964	1.564542666	
Across-trial	paniclelength	S1001983D2	27.66315185	2.209690855	
Across-trial	paniclelength	S1001983D3	29.36338036	2.219301046	
Across-trial	paniclelength	S1001983D4	22.50233127	1.569221007	
Across-trial	paniclelength	S1001983D7	16.41266481	1.569252996	
Across-trial	paniclelength	S1001983D9	25.41587825	2.216315692	
Across-trial	paniclelength	S1001983E2	24.69809754	2.209692004	
Across-trial	paniclelength	S1001983E6	17.79458445	1.564411571	
Across-trial	paniclelength	S1001983E8	29.20973444	1.566968452	
Across-trial	paniclelength	S1001983E9	27.35532937	2.213190171	
Across-trial	paniclelength	S1001983F11	27.05739981	2.213737357	
Across-trial	paniclelength	S1001983F2	26.49333614	1.571036856	
Across-trial	paniclelength	S1001983F3	22.80668244	2.217924836	
Across-trial	paniclelength	S1001983F5	31.32553688	2.219612889	
Across-trial	paniclelength	S1001983F9	19.7717286	2.214460115	
Across-trial	paniclelength	S1001983G10	23.99719194	2.209735657	
Across-trial	paniclelength	S1001983G3	26.61240528	2.209927684	
Across-trial	paniclelength	S1001983G5	20.25500401	2.222708818	
Across-trial	paniclelength	S1001983G7	20.81476345	1.565205774	
Across-trial	paniclelength	S1001983G9	26.08352331	1.56809496	
Across-trial	paniclelength	S1001983H5	22.50512348	1.567509501	
Across-trial	paniclelength	S1001983H6	18.03450276	1.568881527	
Across-trial	paniclelength	S1001983H8	20.01846022	1.563034205	
Across-trial	paniclelength	S1001984A5	28.80852722	1.562167045	
Across-trial	paniclelength	S1001984F4	31.89713738	1.56553256	
Across-trial	paniclelength	S1001985A1	25.32131523	2.217945902	
Across-trial	paniclelength	S1001985A2	25.24685088	2.219201945	
Across-trial	paniclelength	S1001985A3	25.20972654	2.214475744	
Across-trial	paniclelength	S1001985A5	21.70469838	2.214503801	
Across-trial	paniclelength	S1001985A8	19.36080671	1.567998837	
Across-trial	paniclelength	S1001985B1	24.47183881	2.219232014	
Across-trial	paniclelength	S1001985B3	23.72380578	2.211124123	
Across-trial	paniclelength	S1001985B8	24.12657735	2.217911197	
Across-trial	paniclelength	S1001985C4	19.85335628	2.211163866	
Across-trial	paniclelength	S1001985C5	26.4732545	2.209704539	
Across-trial	paniclelength	S1001985C7	33.38290595	2.214511025	
Across-trial	paniclelength	S1001985D2	20.29888036	1.56477633	
Across-trial	paniclelength	S1001985D4	24.41016092	2.217820084	
Across-trial	paniclelength	S1001985E1	29.71513018	1.565170382	
Across-trial	paniclelength	S1001985E3	26.67447771	2.211091581	
Across-trial	paniclelength	S1001985F2	23.5024069	1.567610088	
Across-trial	paniclelength	S1001985F7	23.06846411	1.566329369	
Across-trial	paniclelength	S1001985G1	17.53828605	1.571017754	
Across-trial	paniclelength	S1001985G2	25.75100539	2.212849837	
Across-trial	paniclelength	S1001985G3	29.4877266	2.222721929	
Across-trial	paniclelength	S1001985G4	20.36274205	2.214502961	
Across-trial	paniclelength	S1001985G7	29.01150187	2.214605443	
Across-trial	paniclelength	S1001985H7	25.92792295	2.211077868	
Across-trial	paniclelength	S1001998A1	22.03284307	2.217932118	
Across-trial	paniclelength	S1001998A5	20.43783181	1.56743095	
Across-trial	paniclelength	S1001998A9	22.2699507	1.567448816	
Across-trial	paniclelength	S1001998B1	23.05309394	2.214520174	
Across-trial	paniclelength	S1001998B4	25.34397822	1.568597482	
Across-trial	paniclelength	S1001998B5	15.97865119	2.214495361	
Across-trial	paniclelength	S1001998B8	25.27099183	2.222688778	
Across-trial	paniclelength	S1001998C2	23.05822304	2.219359045	
Across-trial	paniclelength	S1001998C3	21.64407	2.214487886	
Across-trial	paniclelength	S1001998C5	26.60901194	2.217851708	
Across-trial	paniclelength	S1001998C8	32.18145667	1.56810294	
Across-trial	paniclelength	S1001998D3	33.60506233	2.214426394	
Across-trial	paniclelength	S1001998D4	25.50034646	2.216311055	
Across-trial	paniclelength	S1001998E3	20.33361741	2.213887846	
Across-trial	paniclelength	S1001998E8	32.3909402	1.57103771	
Across-trial	paniclelength	S1001998F4	23.22805949	1.565232904	
Across-trial	paniclelength	S1001998H7	22.07011796	2.215901793	
Across-trial	paniclelength	S1002048A4	13.15385893	1.567723747	
Across-trial	paniclelength	S1002048B3	26.50568986	2.21923581	
Across-trial	paniclelength	S1002048B9	25.48494061	2.211157903	
Across-trial	paniclelength	S1002048C10	22.8393209	2.211127834	
Across-trial	paniclelength	S1002048E3	24.15873616	2.2114179	
Across-trial	paniclelength	S1002048E4	26.54213772	1.570378808	
Across-trial	paniclelength	S1002048E6	30.4968169	2.222671869	
Across-trial	paniclelength	S1002048F4	27.74835986	2.206354761	
Across-trial	paniclelength	S1002048G6	21.92112951	2.209721074	
Across-trial	paniclelength	S1002048G9	27.56314474	2.211116092	
Across-trial	paniclelength	S1002048H2	24.36648598	2.219328988	
Across-trial	paniclelength	S1002048H9	24.77312181	2.216554459	
Across-trial	paniclelength	S1002083A10	17.20639595	2.211152371	
Across-trial	paniclelength	S1002083A11	19.38258454	2.213037434	
Across-trial	paniclelength	S1002083A2	24.60339723	1.569231687	
Across-trial	paniclelength	S1002083A3	21.74568633	2.219293586	
Across-trial	paniclelength	S1002083A6	27.98871803	1.569270137	
Across-trial	paniclelength	S1002083A7	19.07905299	1.565661272	
Across-trial	paniclelength	S1002083A8	23.0661895	2.211993284	
Across-trial	paniclelength	S1002083A9	31.33900111	2.217897035	
Across-trial	paniclelength	S1002083B1	20.26756115	2.222723397	
Across-trial	paniclelength	S1002083B3	24.93876125	2.217875526	
Across-trial	paniclelength	S1002083B5	30.60953953	2.219216187	
Across-trial	paniclelength	S1002083B6	25.85466341	1.566980902	
Across-trial	paniclelength	S1002083B7	33.4585957	2.211038496	
Across-trial	paniclelength	S1002083B8	16.66582581	1.567436036	
Across-trial	paniclelength	S1002083C1	21.34195031	1.565313465	
Across-trial	paniclelength	S1002083C10	25.73180987	2.21929505	
Across-trial	paniclelength	S1002083C3	15.04917131	2.219377518	
Across-trial	paniclelength	S1002083C4	28.9128524	1.567442948	
Across-trial	paniclelength	S1002083C5	22.6429178	1.569248902	
Across-trial	paniclelength	S1002083C8	23.17827377	2.208485106	
Across-trial	paniclelength	S1002083C9	31.16386951	2.214396423	
Across-trial	paniclelength	S1002083D1	9.845808693	1.560254014	
Across-trial	paniclelength	S1002083D11	34.82205945	2.218133033	
Across-trial	paniclelength	S1002083D12	29.66551079	2.212801566	
Across-trial	paniclelength	S1002083D4	29.51446334	2.215936457	
Across-trial	paniclelength	S1002083D6	27.95075456	2.214533503	
Across-trial	paniclelength	S1002083D7	29.07661982	2.214445794	
Across-trial	paniclelength	S1002083D9	19.93295557	2.209622592	
Across-trial	paniclelength	S1002083E1	13.18545881	2.219277384	
Across-trial	paniclelength	S1002083E11	20.15959962	1.564576862	
Across-trial	paniclelength	S1002083E2	23.0025999	2.213854297	
Across-trial	paniclelength	S1002083E4	22.81840897	2.20972576	
Across-trial	paniclelength	S1002083E5	27.62759132	2.219260913	
Across-trial	paniclelength	S1002083F10	22.06340895	2.217930132	
Across-trial	paniclelength	S1002083F11	29.41789267	2.217939908	
Across-trial	paniclelength	S1002083F12	32.1907191	2.211290685	
Across-trial	paniclelength	S1002083F2	22.55805831	1.565738795	
Across-trial	paniclelength	S1002083F3	23.31854932	2.214474802	
Across-trial	paniclelength	S1002083F5	23.36760196	1.566325883	
Across-trial	paniclelength	S1002083F7	26.31699457	2.222622034	
Across-trial	paniclelength	S1002083F8	20.43508426	2.217865726	
Across-trial	paniclelength	S1002083F9	27.74962975	2.217906905	
Across-trial	paniclelength	S1002083G2	25.89172381	2.214504691	
Across-trial	paniclelength	S1002083G3	25.68352865	1.568079213	
Across-trial	paniclelength	S1002083G4	19.33754285	2.222665308	
Across-trial	paniclelength	S1002083G5	20.77767805	2.209236747	
Across-trial	paniclelength	S1002083G9	16.52081318	2.206363368	
Across-trial	paniclelength	S1002083H11	29.56705684	2.222669342	
Across-trial	paniclelength	S1002083H2	34.18056626	2.215978523	
Across-trial	paniclelength	S1002083H3	22.24698677	1.563457842	
Across-trial	paniclelength	S1002083H4	25.78883545	2.222635381	
Across-trial	paniclelength	S1002083H5	27.26505796	2.219375233	
Across-trial	paniclelength	S1002083H7	23.38457564	2.222657594	
Across-trial	paniclelength	S1002084A10	25.85984749	2.222748287	
Across-trial	paniclelength	S1002084A11	22.89640521	2.222666143	
Across-trial	paniclelength	S1002084A12	19.53240166	2.216209143	
Across-trial	paniclelength	S1002084A2	15.56169884	1.569237978	
Across-trial	paniclelength	S1002084A4	27.83171694	2.209755557	
Across-trial	paniclelength	S1002084A6	25.56664547	1.562660156	
Across-trial	paniclelength	S1002084B11	18.93049145	2.222720506	
Across-trial	paniclelength	S1002084B2	22.15817417	1.570406167	
Across-trial	paniclelength	S1002084B3	20.63235017	2.222708148	
Across-trial	paniclelength	S1002084B4	27.3370616	1.567713003	
Across-trial	paniclelength	S1002084B6	19.55871352	2.217897046	
Across-trial	paniclelength	S1002084B7	20.69732767	1.567462544	
Across-trial	paniclelength	S1002084C1	21.20319627	2.211464155	
Across-trial	paniclelength	S1002084C10	31.24044374	1.565405887	
Across-trial	paniclelength	S1002084C11	15.15519427	2.222724202	
Across-trial	paniclelength	S1002084C2	23.67532434	2.219314658	
Across-trial	paniclelength	S1002084C3	28.63777112	2.213084158	
Across-trial	paniclelength	S1002084C4	29.57479823	1.56924173	
Across-trial	paniclelength	S1002084C6	23.14815447	1.565037747	
Across-trial	paniclelength	S1002084C7	20.39419566	2.214480626	
Across-trial	paniclelength	S1002084D11	23.56710127	2.214538639	
Across-trial	paniclelength	S1002084D2	16.07209165	1.566433188	
Across-trial	paniclelength	S1002084D3	29.43399364	1.566351829	
Across-trial	paniclelength	S1002084D4	20.21654147	2.211104169	
Across-trial	paniclelength	S1002084D5	20.21581419	2.213399433	
Across-trial	paniclelength	S1002084D6	29.91487609	2.209777052	
Across-trial	paniclelength	S1002084E10	21.35327651	2.217934432	
Across-trial	paniclelength	S1002084E12	33.22547131	2.216007936	
Across-trial	paniclelength	S1002084E2	24.82603993	2.214424471	
Across-trial	paniclelength	S1002084E3	26.53192795	2.214425871	
Across-trial	paniclelength	S1002084E4	21.73174677	2.214465275	
Across-trial	paniclelength	S1002084E5	19.96373316	2.21445543	
Across-trial	paniclelength	S1002084E6	18.06495346	2.217832616	
Across-trial	paniclelength	S1002084E8	23.37601857	1.56520908	
Across-trial	paniclelength	S1002084F10	14.45255767	2.219282036	
Across-trial	paniclelength	S1002084F11	21.22010158	2.217888524	
Across-trial	paniclelength	S1002084F12	25.06844896	2.217866938	
Across-trial	paniclelength	S1002084F3	26.8441718	2.210080561	
Across-trial	paniclelength	S1002084F4	21.19048388	1.569274235	
Across-trial	paniclelength	S1002084F5	19.53472736	2.217887098	
Across-trial	paniclelength	S1002084F6	20.66462408	2.209678	
Across-trial	paniclelength	S1002084F7	31.81386354	1.571026001	
Across-trial	paniclelength	S1002084F8	28.43503703	2.211998463	
Across-trial	paniclelength	S1002084F9	30.14161913	2.215976328	
Across-trial	paniclelength	S1002084G1	19.47130375	1.563568483	
Across-trial	paniclelength	S1002084G2	31.67830274	2.211137433	
Across-trial	paniclelength	S1002084G5	23.24592887	2.211143289	
Across-trial	paniclelength	S1002084G7	20.72497354	1.568941388	
Across-trial	paniclelength	S1002084H1	21.53874146	2.213115692	
Across-trial	paniclelength	S1002084H11	32.3851003	2.217898717	
Across-trial	paniclelength	S1002084H3	28.18081831	2.211140355	
Across-trial	paniclelength	S1002084H4	18.3182749	2.211060947	
Across-trial	paniclelength	S1002084H5	18.39944563	2.217951013	
Across-trial	paniclelength	S1002084H6	15.67044784	2.222787525	
Across-trial	paniclelength	S1002085H2	26.63391554	2.217779315	
